,First Name,LastName_x,Data_y,Data1
0,Rashid,Khan,R Khan,R Khan
1,Hardik,Pandya,H Pandya,H Pandya
2,Lockie,Ferguson,L Ferguson,L Ferguson
3,Rahul,Tewatia,R Tewatia,R Tewatia
4,Shubman,Gill,S Gill,S Gill
5,Mohammad,Shami,M Shami,M Shami
6,Yash,Dayal,,
7,David,Miller,D Miller,D Miller
8,R.,Sai,,
9,Abhinav,Sadarangani,,
10,Matthew,Wade,,
11,Alzarri,Joseph,A Joseph,A Joseph
12,Jason,Roy,J Roy,J Roy
13,Wriddhiman,Saha,W Saha,W Saha
14,Jayant,Yadav,J Yadav,J Yadav
15,Vijay,Shankar,V Shankar,V Shankar
16,Dominic,Drakes,,
17,Varun,Aaron,V Aaron,V Aaron
18,Gurkeerat,Singh,G Singh,G Singh
19,Noor,Ahmad,,
20,Darshan,Nalkande,,
21,Pradeep,Sangwan,P Sangwan,P Sangwan
22,Ravindra,Jadeja,R Jadeja,R Jadeja
23,Deepak,Chahar,D Chahar,D Chahar
24,MS,Dhoni,M Dhoni,M Dhoni
25,Moeen,Ali,M Ali,M Ali
26,Ambati,Rayudu,A Rayudu,A Rayudu
27,Ruturaj,Gaikwad,R Gaikwad,R Gaikwad
28,Dwayne,Bravo,D Bravo,D Bravo
29,Dwayne,Bravo,D Bravo,D Bravo
30,Shivam,Dube,S Dube,S Dube
31,Chris,Jordan,C Jordan,C Jordan
32,Robin,Uthappa,R Uthappa,R Uthappa
33,Mitchell,Santner,M Santner,M Santner
34,Adam,Milne,A Milne,A Milne
35,Rajvardhan,Hangargekar,,
36,Prashant,Solanki,,
37,Devon,Conway,,
38,Maheesh,Theekshana,,
39,Dwaine,Pretorius,,
40,K.Bhagath,Varma,,
41,Simarjeet,Singh,S Singh,S Singh
42,N.,Jagadeesan,N Jagadeesan,N Jagadeesan
43,C.Hari,Nishaanth,,
44,K.M.,Asif,K Asif,K Asif
45,Tushar,Deshpande,T Deshpande,T Deshpande
46,Subhranshu,Senapati,,
47,Mukesh,Choudhary,,
48,Rishabh,Pant,R Pant,R Pant
49,Shardul,Thakur,S Thakur,S Thakur
50,Axar,Patel,A Patel,A Patel
51,Prithvi,Shaw,P Shaw,P Shaw
52,Mitchell,Marsh,M Marsh,M Marsh
53,Anrich,Nortje,A Nortje,A Nortje
54,David,Warner,D Warner,D Warner
55,Syed,Khaleel,S Ahmed,S Ahmed
56,Chetan,Sakariya,,
57,Rovman,Powell,,
58,K.S.,Bharat,,
59,Mustafizur,Rahman,M Rahman,M Rahman
60,Mustafizur,Rahman,M Rahman,M Rahman
61,Kuldeep,Yadav,K Yadav,K Yadav
62,Kamlesh,Nagarkoti,K Nagarkoti,K Nagarkoti
63,Mandeep,Singh,M Singh,M Singh
64,Lalit,Yadav,,
65,Tim,Seifert,,
66,Pravin,Dubey,P Dubey,P Dubey
67,Lungisani,Ngidi,L Ngidi,L Ngidi
68,Yash,Dhull,,
69,Ashwin,Hebbar,,
70,Sarfaraz,Khan,S Khan,S Khan
71,Ripal,Patel,,
72,Vicky,Ostwal,,
73,Shreyas,Iyer,S Iyer,S Iyer
74,Andre,Russell,A Russell,A Russell
75,Nitish,Rana,N Rana,N Rana
76,Venkatesh,Iyer,,
77,Varun,Chakaravarthy,,
78,Pat,Cummins,P Cummins,P Cummins
79,Shivam,Mavi,S Mavi,S Mavi
80,Sunil,Narine,S Narine,S Narine
81,Sam,Billings,S Billings,S Billings
82,Umesh,Yadav,U Yadav,U Yadav
83,Tim,Southee,T Southee,T Southee
84,Alex,Hales,A Hales,A Hales
85,Ajinkya,Rahane,A Rahane,A Rahane
86,Mohammad,Nabi,M Nabi,M Nabi
87,Sheldon,Jackson,S Jackson,S Jackson
88,Rinku,Singh,R Singh,R Singh
89,Rinku,Singh,R Singh,R Singh
90,Ashok,Sharma,A Sharma,A Sharma
91,Ashok,Sharma,A Sharma,A Sharma
92,Chamika,Karunaratne,,
93,Abhijeet,Tomar,,
94,Rasikh,Dar,,
95,Anukul,Roy,A Roy,A Roy
96,Baba,Indrajith,,
97,Aman,Khan,A Khan,A Khan
98,Ramesh,Kumar,R Kumar,R Kumar
99,Pratham,Singh,P Singh,P Singh
100,Mayank,Agarwal,M Agarwal,M Agarwal
101,Liam,Livingstone,L Livingstone,L Livingstone
102,Kagiso,Rabada,K Rabada,K Rabada
103,Shahrukh,Khan,S Khan,S Khan
104,Shikhar,Dhawan,S Dhawan,S Dhawan
105,Jonny,Bairstow,J Bairstow,J Bairstow
106,Odean,Smith,,
107,Rahul,Chahar,R Chahar,R Chahar
108,Arshdeep,Singh,A Singh,A Singh
109,Arshdeep,Singh,A Singh,A Singh
110,Harpreet,Brar,H Brar,H Brar
111,Vaibhav,Arora,,
112,Raj,Angad,,
113,Nathan,Ellis,,
114,Prabhsimran,Singh,P Singh,P Singh
115,Rishi,Dhawan,R Dhawan,R Dhawan
116,Sandeep,Sharma,S Sharma,S Sharma
117,Sandeep,Sharma,S Sharma,S Sharma
118,Bhanuka,Rajapaksa,,
119,Benny,Howell,,
120,Ishan,Porel,,
121,Prerak,Mankad,,
122,Ansh,Patel,A Patel,A Patel
123,Jitesh,Sharma,,
124,Writtick,Chatterjee,,
125,Atharva,Taide,,
126,Baltej,Dhanda,,
127,KL,Rahul,K Rahul,K Rahul
128,Avesh,Khan,A Khan,A Khan
129,Marcus,Stoinis,M Stoinis,M Stoinis
130,Jason,Holder,J Holder,J Holder
131,Krunal,Pandya,K Pandya,K Pandya
132,Mark,Wood,M Wood,M Wood
133,Quinton,De,Q Kock,Q Kock
134,Deepak,Hooda,D Hooda,D Hooda
135,Manish,Pandey,M Pandey,M Pandey
136,Ravi,Bishnoi,R Bishnoi,R Bishnoi
137,Dushmanta,Chameera,,
138,Evin,Lewis,E Lewis,E Lewis
139,K.,Gowtham,K Gowtham,K Gowtham
140,Kyle,Mayers,,
141,Shahbaz,Nadeem,S Nadeem,S Nadeem
142,Ankit,Singh,A Rajpoot,A Rajpoot
143,Manan,Vohra,M Vohra,M Vohra
144,B.,Sai,,
145,Karan,Sharma,K Sharma,K Sharma
146,Ayush,Badoni,,
147,Mohsin,Khan,,
148,Mayank,Yadav,,
149,Rohit,Sharma,R Sharma,R Sharma
150,Ishan,Kishan,I Kishan,I Kishan
151,Jasprit,Bumrah,J Bumrah,J Bumrah
152,Tim,David,,
153,Jofra,Archer,J Archer,J Archer
154,Suryakumar,Yadav,S Yadav,S Yadav
155,Kieron,Pollard,K Pollard,K Pollard
156,Dewald,Brevis,,
157,Daniel,Sams,D Sams,D Sams
158,N.,Tilak,,
159,Murugan,Ashwin,M Ashwin,M Ashwin
160,Tymal,Mills,T Mills,T Mills
161,Jaydev,Unadkat,J Unadkat,J Unadkat
162,Riley,Meredith,,
163,Fabian,Allen,,
164,Mayank,Markande,M Markande,M Markande
165,Sanjay,Yadav,S Yadav,S Yadav
166,Arjun,Tendulkar,,
167,Basil,Thampi,B Thampi,B Thampi
168,Anmolpreet,Singh,A Singh,A Singh
169,Anmolpreet,Singh,A Singh,A Singh
170,Aryan,Juyal,,
171,Ramandeep,Singh,R Singh,R Singh
172,Ramandeep,Singh,R Singh,R Singh
173,Rahul,Buddhi,,
174,Hrithik,Shokeen,,
175,Mohd.,Arshad,,
176,Virat,Kohli,V Kohli,V Kohli
177,Glenn,Maxwell,G Maxwell,G Maxwell
178,Wanindu,Hasaranga,,
179,Harshal,Patel,H Patel,H Patel
180,Josh,Hazlewood,J Hazlewood,J Hazlewood
181,Faf,Du,F Plessis,F Plessis
182,Mohammed,Siraj,M Siraj,M Siraj
183,Dinesh,Karthik,,
184,Anuj,Rawat,,
185,Shahbaz,Ahamad,,
186,David,Willey,D Willey,D Willey
187,Sherfane,Rutherford,S Rutherford,S Rutherford
188,Mahipal,Lomror,M Lomror,M Lomror
189,Finn,Allen,,
190,Siddharth,Kaul,S Kaul,S Kaul
191,Jason,Behrendorff,J Behrendorff,J Behrendorff
192,Karn,Sharma,K Sharma,K Sharma
193,Suyash,Prabhudessai,,
194,Chama,Milind,,
195,Akash,Deep,,
196,Aneeshwar,Gautam,,
197,Luvnith,Sisodia,,
198,Sanju,Samson,S Samson,S Samson
199,Jos,Buttler,J Buttler,J Buttler
200,Prasidh,Krishna,,
201,Shimron,Hetmyer,S Hetmyer,S Hetmyer
202,Trent,Boult,T Boult,T Boult
203,Devdutt,Padikkal,D Padikkal,D Padikkal
204,Yuzvendra,Chahal,Y Chahal,Y Chahal
205,R.,Ashwin,R Ashwin,R Ashwin
206,Yashaswi,Jaiswal,Y Jaiswal,Y Jaiswal
207,Riyan,Parag,R Parag,R Parag
208,Navdeep,Saini,N Saini,N Saini
209,Nathan,Coulter-Nile,N Coulter-Nile,N Coulter-Nile
210,James,Neesham,J Neesham,J Neesham
211,Karun,Nair,K Nair,K Nair
212,Rassie,Van,,
213,Obed,Mccoy,,
214,Daryl,Mitchell,,
215,K.C,Cariappa,K Cariappa,K Cariappa
216,Anunay,Singh,A Singh,A Singh
217,Anunay,Singh,A Singh,A Singh
218,Kuldeep,Sen,,
219,Dhruv,Jurel,,
220,Tejas,Baroka,T Baroka,T Baroka
221,Kuldip,Yadav,K Yadav,K Yadav
222,Shubham,Garhwal,,
223,Kane,Williamson,K Williamson,K Williamson
224,Nicholas,Pooran,N Pooran,N Pooran
225,Washington,Sundar,W Sundar,W Sundar
226,Rahul,Tripathi,R Tripathi,R Tripathi
227,Romario,Shepherd,,
228,Abhishek,Sharma,A Sharma,A Sharma
229,Abhishek,Sharma,A Sharma,A Sharma
230,Marco,Jansen,,
231,Bhuvneshwar,Kumar,B Kumar,B Kumar
232,T.,Natarajan,T Natarajan,T Natarajan
233,Abdul,Samad,A Samad,A Samad
234,Umran,Malik,,
235,Kartik,Tyagi,K Tyagi,K Tyagi
236,Aiden,Markram,,
237,Sean,Abbott,S Abbott,S Abbott
238,Glenn,Phillips,,
239,Shreyas,Gopal,S Gopal,S Gopal
240,Vishnu,Vinod,V Vinod,V Vinod
241,Fazalhaq,Farooqi,,
242,Priyam,Garg,P Garg,P Garg
243,R,Samarth,,
244,Jagadeesha,Suchith,J Suchith,J Suchith
245,Shashank,Singh,S Singh,S Singh
246,Saurabh,Dubey,,
247,Suresh,Raina,S Raina,S Raina
248,Steve,Smith,S Smith,S Smith
249,Shakib,Al,S Hasan,S Hasan
250,Amit,Mishra,A Mishra,A Mishra
251,Adil,Rashid,,
252,Imran,Tahir,I Tahir,I Tahir
253,Mujeeb,Zadran,,
254,Adam,Zampa,A Zampa,A Zampa
255,Rajat,Patidar,,
256,Mohammed,Azharuddeen,,
257,Vishnu,Solanki,,
258,Sandeep,Lamichhane,S Lamichhane,S Lamichhane
259,M.,Siddharth,,
260,Aaron,Finch,A Finch,A Finch
261,Marnus,Labuschagne,,
262,Dawid,Malan,,
263,Eoin,Morgan,E Morgan,E Morgan
264,Cheteshwar,Pujara,,
265,Saurabh,Tiwary,S Tiwary,S Tiwary
266,Sheldon,Cottrell,S Cottrell,S Cottrell
267,Ishant,Sharma,I Sharma,I Sharma
268,Qais,Ahmad,,
269,Piyush,Chawla,P Chawla,P Chawla
270,Tabraiz,Shamsi,T Shamsi,T Shamsi
271,Ish,Sodhi,I Sodhi,I Sodhi
272,Sachin,Baby,S Baby,S Baby
273,Ricky,Bhui,R Bhui,R Bhui
274,Himanshu,Rana,,
275,Harnoor,Singh,H Singh,H Singh
276,Himmat,Singh,H Singh,H Singh
277,Virat,Singh,,
278,Arzan,Nagwaswalla,,
279,Akash,Singh,A Singh,A Singh
280,Akash,Singh,A Singh,A Singh
281,Yash,Thakur,,
282,Vasu,Vats,,
283,Mujtaba,Yousuf,,
284,Chris,Lynn,C Lynn,C Lynn
285,Najibullah,Zadran,,
286,Charith,Asalanka,,
287,George,Garton,,
288,Litton,Das,,
289,Niroshan,Dickwella,,
290,Andre,Fletcher,,
291,Rahmanullah,Gurbaz,,
292,Shai,Hope,,
293,Heinrich,Klaasen,H Klaasen,H Klaasen
294,Ben,Mcdermott,,
295,Kusal,Mendis,,
296,Kusal,Perera,,
297,Joshua,Philippe,J Philippe,J Philippe
298,Reece,Topley,,
299,Andrew,Tye,A Tye,A Tye
300,Sandeep,Warrier,S Warrier,S Warrier
301,Todd,Astle,,
302,Akila,Dhananjaya,,
303,Zahir,Khan,Z Khan,Z Khan
304,Keshav,Maharaj,,
305,Waqar,Salamkheil,,
306,Rahul,Sharma,R Sharma,R Sharma
307,Hayden,Walsh,,
308,Tanmay,Agarwal,,
309,Shivam,Chauhan,,
310,Nikhil,Gangta,,
311,Rohan,Kadam,,
312,Tom,Kohler-Cadmore,,
313,Priyank,Panchal,,
314,Sameer,Rizvi,,
315,Ritwik,Roy,,
316,Apoorv,Wankhade,,
317,Atharva,Ankolekar,,
318,Tanay,Thyagarajan,,
319,Ankush,Bains,,
320,Prashant,Chopra,P Chopra,P Chopra
321,Kedar,Devdhar,,
322,Shreevats,Goswami,S Goswami,S Goswami
323,Akshdeep,Nath,A Nath,A Nath
324,Aditya,Tare,A Tare,A Tare
325,Upendra,Singh,U Yadav,U Yadav
326,Ben,Dwarshuis,,
327,Pankaj,Jaswal,,
328,Lukman,Hussain,,
329,Vyshak,Vijay,,
330,Zeeshan,Ansari,,
331,Yuvraj,Chudasama,,
332,Dharmendrasinh,Jadeja,,
333,Khrievitso,Kense,,
334,Prince,Balwant,,
335,Pardeep,Sahu,P Sahu,P Sahu
336,Jalaj,Saxena,,
337,Midhun,Sudhesan,,
338,Martin,Guptill,M Guptill,M Guptill
339,Usman,Khawaja,U Khawaja,U Khawaja
340,Brandon,King,,
341,Janneman,Malan,,
342,Rilee,Rossouw,R Rossouw,R Rossouw
343,Paul,Stirling,,
344,Hanuma,Vihari,,
345,James,Vince,,
346,Hazratullah,Zazai,,
347,Roston,Chase,,
348,Ben,Cutting,B Cutting,B Cutting
349,Lewis,Gregory,,
350,Moises,Henriques,M Henriques,M Henriques
351,Akeal,Hosein,,
352,Karim,Janat,,
353,Scott,Kuggeleijn,S Kuggeleijn,S Kuggeleijn
354,Pawan,Negi,P Negi,P Negi
355,Taskin,Ahmed,,
356,Marchant,De,M Lange,M Lange
357,Dhawal,Kulkarni,D Kulkarni,D Kulkarni
358,Saqib,Mahmood,,
359,Kane,Richardson,K Richardson,K Richardson
360,Naveen,Ul,,
361,Harpreet,Bhatia,,
362,Sudip,Chatterjee,,
363,Hiten,Dalal,,
364,Abhimanyu,Easwaran,,
365,Laurie,Evans,,
366,Rahul,Gahlaut,,
367,Amandeep,Khare,,
368,Mayank,Rawat,,
369,Dhruv,Shorey,D Shorey,D Shorey
370,Hayden,Kerr,,
371,Saurabh,Kumar,,
372,Shams,Mulani,,
373,Dhruv,Patel,,
374,Atit,Sheth,,
375,Utkarsh,Singh,,
376,David,Wiese,D Wiese,D Wiese
377,Kaif,Ahmad,,
378,Shubhum,Arora,,
379,Arun,Karthick,,
380,Eknath,Kerkar,,
381,Kennar,Lewis,,
382,Nikhil,Naik,N Naik,N Naik
383,Urvil,Patel,,
384,B.R.,Sharath,,
385,K.L.,Shrijith,,
386,Mohit,Avasthi,,
387,Sushant,Mishra,,
388,Matheesha,Pathirana,,
389,G,Periyasamy,,
390,M.Harishankar,Reddy,,
391,R.,Silambarasan,,
392,Aditya,Thakare,,
393,Tanveer,Ul,,
394,Prithviraj,Yarra,,
395,Satyajeet,Bachhav,,
396,Chintal,Gandhi,,
397,Jacob,Lintott,,
398,Izharulhuq,Naveed,,
399,Tanveer,Sangha,,
400,Manav,Suthar,,
401,Milind,Tandon,,
402,Sagar,Udeshi,,
403,Kushaal,Wadhwani,,
404,Akshay,Wakhare,,
405,Darren,Bravo,D Bravo,D Bravo
406,Darren,Bravo,D Bravo,D Bravo
407,Shamrah,Brooks,,
408,Avishka,Fernando,,
409,Zubayr,Hamza,,
410,Pathum,Nissaanka,,
411,Kurtis,Patterson,,
412,Hashmatullah,Shahidi,,
413,Manoj,Tiwary,M Tiwary,M Tiwary
414,Ashton,Agar,,
415,Carlos,Brath15000000e,,
416,Kedar,Jadhav,K Jadhav,K Jadhav
417,Colin,Munro,C Munro,C Munro
418,Gulbadin,Naib,,
419,Keemo,Paul,K Paul,K Paul
420,Parvez,Rasool,P Rasool,P Rasool
421,Dasun,Shanaka,,
422,Wesley,Agar,,
423,Shoriful,Islam,,
424,Josh,Little,,
425,Blessing,Muzarabani,,
426,Jayden,Seales,,
427,Mohit,Sharma,M Sharma,M Sharma
428,Barinder,Sran,B Sran,B Sran
429,Billy,Stanlake,B Stanlake,B Stanlake
430,Neil,Wagner,,
431,Qamran,Iqbal,,
432,Ishank,Jaggi,I Jaggi,I Jaggi
433,Rohan,Kunnummal,,
434,Tanmay,Mishra,,
435,Yash,Nahar,,
436,Shubham,Singh,,
437,Alex,Ross,,
438,Naushad,Shaikh,,
439,Baba,Aparajith,,
440,Prayas,Barman,P Barman,P Barman
441,Yudhvir,Charak,,
442,Shubhang,Hegde,,
443,Roosh,Kalaria,,
444,Tanush,Kotian,,
445,Kaushal,Tambe,,
446,Shivank,Vashisth,,
447,Rahul,Chandrol,,
448,Harvik,Desai,,
449,Cam,Fletcher,,
450,Tarang,Gohel,,
451,Fazil,Makaya,,
452,Ryan,Rickelton,,
453,Sandeep,Kumar,,
454,Siddhesh,Wath,,
455,Stephen,Cheepurupalli,,
456,Aniket,Choudhary,A Choudhary,A Choudhary
457,Kartikeya,Kak,,
458,Ali,Khan,A Khan,A Khan
459,Kulwant,Khejroliya,K Khejroliya,K Khejroliya
460,Ronit,More,R More,R More
461,M,Nidheesh,,
462,Babasafi,Pathan,,
463,Vidyadhar,Patil,,
464,Mukesh,Kumar,M Singh,M Singh
465,R.,Alexandar,,
466,Adithya,Ashok,,
467,Jasmer,Dhankhar,,
468,Prerit,Dutta,,
469,Jon,Russ,,
470,S.,Kishan,,
471,Kevin,Koththigoda,,
472,Swaraj,Wabale,,
473,Curtis,Campher,,
474,Colin,De,C Grandhomme,C Grandhomme
475,James,Faulkner,J Faulkner,J Faulkner
476,Craig,Overton,,
477,Wayne,Parnell,,
478,Samit,Patel,,
479,Thisara,Perera,,
480,Darcy,Short,D Short,D Short
481,Murali,Vijay,M Vijay,M Vijay
482,Jack,Wildermuth,,
483,Hamish,Bennett,,
484,Daryn,Dupavillon,,
485,Fidel,Edwards,,
486,Hamid,Hassan,,
487,Lahiru,Kumara,,
488,Joel,Paris,,
489,S.,Sreesanth,,
490,Oshane,Thomas,O Thomas,O Thomas
491,Blair,Tickner,,
492,Isuru,Udana,I Udana,I Udana
493,Donavon,Ferreira,,
494,Bhupen,Lalwani,,
495,Henan,Malik,,
496,Pukhraj,Mann,,
497,Shashwat,Rawat,,
498,Jake,Weatherald,,
499,Gerald,Coetzee,,
500,Akshay,Karnewar,,
501,Sumit,Kumar,,
502,Abid,Mushtaq,,
503,Lone,Muzaffar,,
504,Ninad,Rathva,,
505,Shoun,Roger,,
506,Jaideep,Bhambhu,,
507,Nandre,Burger,,
508,Matt,Kelly,,
509,V,Koushik,,
510,Akash,Madhwal,,
511,Anuj,Raj,,
512,Abhijeet,Saket,,
513,Rahul,Shukla,,
514,Nuwan,Thushara,,
515,Mark,Adnair,,
516,Hilton,Cartwright,,
517,Gareth,Delany,,
518,Danushka,Gunatilaka,,
519,Anaru,Kitchen,,
520,Dhananjaya,Lakshan,,
521,Sisanda,Magala,,
522,Andile,Phehlukwayo,,
523,Seekkuge,Prasanna,,
524,Raymon,Reifer,,
525,Amit,Ali,,
526,Chaitanya,Bishnoi,,
527,Mayank,Dagar,,
528,Migael,Pretorius,,
529,Shivam,Sharma,S Sharma,S Sharma
530,Shivam,Sharma,S Sharma,S Sharma
531,Pratyush,Singh,P Singh,P Singh
532,Sanvir,Singh,S Singh,S Singh
533,Dhrushant,Soni,,
534,M,Venkatesh,,
535,Bandaru,Ayyappa,,
536,Gurnoor,Singh,,
537,Akash,Choudhary,A Choudhary,A Choudhary
538,Mohit,Jangra,,
539,Aaqib,Khan,A Khan,A Khan
540,Ruben,Trumpelmann,,
541,Brad,Wheal,,
542,Auqib,Dar,,
543,Chirag,Gandhi,,
544,Chris,Green,C Green,C Green
545,Sijomon,Joseph,,
546,Anirudha,Joshi,,
547,Shubham,Sharma,S Sharma,S Sharma
548,Shubham,Sharma,S Sharma,S Sharma
549,Arpit,Guleria,,
550,Vipul,Krishna,,
551,Safvan,Patel,,
552,Chinntla,Readdi,,
553,Manish,Reddy,,
554,Ravi,Sharma,R Sharma,R Sharma
555,Corbin,Bosch,,
556,Nathan,McAndrew,,
557,Diwesh,Pathania,,
558,Shubham,Ranjane,,
559,Tom,Rogers,,
560,Johannes,Smit,,
561,Sagar,Trivedi,,
562,Harsh,Tyagi,,
563,R.,Vivek,,
564,R.Sonu,Yadav,,
565,V.,Athisayaraj,,
566,Ottneil,Baartman,,
567,M.B.,Darshan,,
568,V.,Gowtham,,
569,Khwezi,Gumede,,
570,Liam,Guthrie,,
571,Liam,Hatcher,,
572,Jay,Bista,,
573,Saurav,Chuahan,,
574,Tajinder,Dhillon,,
575,Dikshanshu,Negi,,
576,Abhishek,Raut,,
577,K.V.,Sasikanth,,
578,Bharat,Sharma,B Sharma,B Sharma
579,Amit,Yadav,,
580,Manoj,Bhandage,,
581,Arun,Chaprana,,
582,Ajay,Dev,,
583,Divyang,Hinganekar,,
584,Azim,Kazi,,
585,Sujit,Nayak,,
586,Parth,Sahani,,
587,Ashutosh,Sharma,A Sharma,A Sharma
588,Ashutosh,Sharma,A Sharma,A Sharma
589,Vivrant,Sharma,,
590,Kumar,Kartikeya,K Singh,K Singh
591,Ravi,Chauhan,,
592,Shafiqullah,Ghafari,,
593,M.,Mohammed,,
594,Pulkit,Narang,,
595,Pradosh,Paul,,
596,Pushpendra,Singh,,
597,Jason,Sangha,,
598,Purnank,Tyagi,,
599,Samarth,Vyas,,
600,Duan,Jansen,,
601,Dev,Lakra,,
602,Ajay,Mandal,,
603,Lakhan,Raja,,
604,Girinath,Reddy,,
605,Siddhant,Sharma,S Sharma,S Sharma
606,Siddhant,Sharma,S Sharma,S Sharma
607,Matthew,Short,,
608,Saurin,Thakar,,
609,Nyeem,Young,,
610,Yuvraj,Chaudhary,,
611,Khizar,Dafedar,,
612,Sahil,Dhiwan,,
613,Arjit,Gupta,,
614,Mickil,Jaiswal,,
615,Ryan,John,,
616,J.,Kousik,,
617,Jitender,Pal,,
618,Jonty,Sidhu,,
619,Yashovardhan,Singh,Y Singh,Y Singh
620,Beyers,Swanepoel,,
621,Pranshu,Vijayran,,
622,Ishan,Afridi,,
623,Mohammed,Afridi,,
624,Prerit,Agrawal,,
625,Aidan,Cahill,,
626,Mark,Deyal,,
627,Nidhish,Rajagopal,,
628,Bavanaka,Sandeep,,
629,Safyaan,Sharif,,
630,Henry,Shipley,,
631,Maxwell,Swaminathan,,
632,Johan,Van,,
633,Dunith,Wellalage,,
634,Agnivesh,Ayachi,,
635,Rohan,Rana,,
636,Nitish,Reddy,,
637,Hardik,Tamore,,
638,Mihir,Hirwani,,
639,Sairaj,Patil,,
640,Monu,Singh,M Singh,M Singh
641,Nivethan,Radhakrishnan,,
642,Lance,Morris,,
643,Aaron,Hardie,,
